t_envio_ns,origen,destino,t_recepcion_ns,retardo_ns,tipo,paquete
85,3,0,285,200,  unicast,0x61
125,0,1,485,360,  unicast,0x10a
85,1,2,685,600,  unicast,0x2a2
105,2,0,885,780,  unicast,0xe
315,3,2,1085,770,  unicast,0x287
515,0,2,1285,770,  unicast,0x2b5
715,1,2,1485,770,  unicast,0x286
915,2,1,1685,770,  unicast,0x1d3
1115,3,1,1885,770,  unicast,0x1b5
1315,0,3,2085,770,  unicast,0x3f0
1515,1,2,2285,770,  unicast,0x2d2
1715,2,0,2485,770,  unicast,0x46
1915,3,1,2685,770,  unicast,0x155
2115,0,2,2885,770,  unicast,0x201
2315,1,2,3085,770,  unicast,0x296
2515,2,0,3285,770,  unicast,0x10
2715,3,1,3485,770,  unicast,0x1ff
2915,0,1,3685,770,  unicast,0x13a
3115,1,3,3885,770,  unicast,0x385
3315,2,1,4085,770,  unicast,0x1eb
3515,3,2,4285,770,  unicast,0x24a
3715,0,2,4485,770,  unicast,0x21c
3915,1,3,4685,770,  unicast,0x363
4115,2,1,4885,770,  unicast,0x1b4
4315,3,0,5085,770,  unicast,0xe8
4515,0,1,5285,770,  unicast,0x188
4715,1,3,5485,770,  unicast,0x3cf
4915,2,0,5685,770,  unicast,0x64
5115,3,0,5885,770,  unicast,0xa2
5315,0,2,6085,770,  unicast,0x243
5715,2,1,6295,580,  unicast,0x1af
5915,3,2,6495,580,  unicast,0x225
6325,2,3,6725,400,  unicast,0x30e
6525,3,0,6925,400,  unicast,0x3b
6755,2,3,7155,400,  unicast,0x3f7
6955,3,0,7355,400,  unicast,0x41
7185,2,0,7585,400,  unicast,0x2e
7385,3,1,7785,400,  unicast,0x169
7615,2,0,8015,400,  unicast,0xb0
8045,2,0,8265,220,  unicast,0xc5
8295,2,1,8515,220,  unicast,0x13c
