tx_id,source,destination,send_time,receive_time,delay,packet,result
0,0,1,75,305,230,0xffaf,PASS
0,0,2,75,305,230,0xffaf,PASS
0,0,3,75,305,230,0xffaf,PASS
1,0,4,165,,,0x400,PASS
100,1,0,105,505,400,0xff12,PASS
100,1,2,105,505,400,0xff12,PASS
100,1,3,105,505,400,0xff12,PASS
200,2,0,135,705,570,0xff6f,PASS
200,2,1,135,705,570,0xff6f,PASS
200,2,3,135,705,570,0xff6f,PASS
201,2,254,265,,,0xfe89,PASS
121,1,0,,905,,0xffaa,PASS
13,0,1,,905,,0xffaa,PASS
13,0,2,,905,,0xffaa,PASS
11,0,3,,1305,,0x3aa,PASS
102,1,254,555,,,0xfec1,PASS
301,3,0,195,1705,1510,0xff07,PASS
301,3,1,195,1705,1510,0xff07,PASS
301,3,2,195,1705,1510,0xff07,PASS
302,3,4,975,,,0x49e,PASS
2,0,1,415,1905,1490,0xff43,PASS
2,0,2,415,1905,1490,0xff43,PASS
2,0,3,415,1905,1490,0xff43,PASS
202,2,3,815,2305,1490,0x363,PASS
3,0,3,1255,2705,1450,0x3b1,PASS
103,1,3,1435,2905,1470,0x33a,PASS
203,2,0,1615,3105,1490,0xff8a,PASS
203,2,1,1615,3105,1490,0xff8a,PASS
203,2,3,1615,3105,1490,0xff8a,PASS
303,3,0,1805,3305,1500,0x7e,PASS
4,0,1,2025,3505,1480,0xff48,PASS
4,0,2,2025,3505,1480,0xff48,PASS
4,0,3,2025,3505,1480,0xff48,PASS
5,0,254,2775,,,0xfe00,PASS
104,1,3,2165,3705,1540,0x3ed,PASS
14,0,3,,3905,,0x3ff,PASS
205,2,4,3215,,,0x48e,PASS
304,3,0,2635,4105,1470,0x76,PASS
6,0,0,3605,,,0xff,PASS
105,1,0,2985,4505,1520,0xff,PASS
206,2,254,3955,,,0xfea4,PASS
123,1,0,,4905,,0xff66,PASS
305,3,1,3395,4905,1510,0xff66,PASS
123,1,2,,4905,,0xff66,PASS
306,3,4,4185,,,0x46e,PASS
7,0,254,4415,,,0xfe59,PASS
106,1,0,3795,5305,1510,0xff57,PASS
106,1,2,3795,5305,1510,0xff57,PASS
106,1,3,3795,5305,1510,0xff57,PASS
107,1,4,4555,,,0x455,PASS
8,0,254,5225,,,0xfe9f,PASS
108,1,4,5415,,,0x42c,PASS
207,2,0,4785,6305,1520,0x0,PASS
208,2,4,5565,,,0x44d,PASS
198,1,0,,6505,,0xffaa,PASS
37,0,1,,6505,,0xffaa,PASS
37,0,2,,6505,,0xffaa,PASS
308,3,3,5765,,,0x3b2,PASS
9,0,0,5975,,,0xaa,PASS
209,2,4,6385,,,0x40f,PASS
10,0,0,6755,,,0x9f,PASS
109,1,3,6225,7705,1480,0x367,PASS
309,3,0,6635,8105,1470,0x62,PASS
110,1,3,6955,8505,1550,0x360,PASS
153,1,0,,8705,,0xff00,PASS
18,0,1,,8705,,0xff00,PASS
18,0,3,,8705,,0xff00,PASS
310,3,0,7355,8905,1550,0xff8e,PASS
310,3,1,7355,8905,1550,0xff8e,PASS
310,3,2,7355,8905,1550,0xff8e,PASS
27,0,3,,9105,,0x3aa,PASS
111,1,0,7855,9305,1450,0xff31,PASS
111,1,2,7855,9305,1450,0xff31,PASS
111,1,3,7855,9305,1450,0xff31,PASS
112,1,4,8555,,,0x400,PASS
211,2,0,7955,9505,1550,0x0,PASS
135,1,0,,9705,,0xff38,PASS
311,3,1,8215,9705,1490,0xff38,PASS
135,1,2,,9705,,0xff38,PASS
312,3,3,8965,,,0x355,PASS
12,0,1,8435,9905,1470,0xff55,PASS
12,0,2,8435,9905,1470,0xff55,PASS
12,0,3,8435,9905,1470,0xff55,PASS
113,1,4,9365,,,0x476,PASS
212,2,3,8805,10305,1500,0x321,PASS
56,0,1,,10705,,0xffaa,PASS
56,0,2,,10705,,0xffaa,PASS
13,0,3,9165,10705,1540,0xffaa,PASS
213,2,3,9555,11105,1550,0x38d,PASS
313,3,0,9855,11305,1450,0xfffb,PASS
313,3,1,9855,11305,1450,0xfffb,PASS
313,3,2,9855,11305,1450,0xfffb,PASS
314,3,254,10555,,,0xfed5,PASS
39,0,3,,11505,,0x3ff,PASS
15,0,4,10845,,,0x4aa,PASS
44,0,3,,11705,,0x3ff,PASS
115,1,254,10975,,,0xfeab,PASS
214,2,0,10435,11905,1470,0xff98,PASS
214,2,1,10435,11905,1470,0xff98,PASS
214,2,3,10435,11905,1470,0xff98,PASS
215,2,254,11205,,,0xfe55,PASS
315,3,3,11355,,,0x3d0,PASS
16,0,254,11595,,,0xfe1e,PASS
216,2,4,12015,,,0x4cf,PASS
316,3,254,12225,,,0xfe00,PASS
17,0,254,12385,,,0xfe48,PASS
116,1,3,11825,13305,1480,0x349,PASS
117,1,4,12645,,,0x455,PASS
317,3,4,13035,,,0x4ca,PASS
118,1,254,13375,,,0xfe55,PASS
217,2,0,12755,14305,1550,0xff5d,PASS
217,2,1,12755,14305,1550,0xff5d,PASS
217,2,3,12755,14305,1550,0xff5d,PASS
46,0,1,,14705,,0xff00,PASS
18,0,2,13205,14705,1500,0xff00,PASS
46,0,3,,14705,,0xff00,PASS
119,1,4,14185,,,0x4ff,PASS
218,2,0,13585,15105,1520,0xffff,PASS
218,2,1,13585,15105,1520,0xffff,PASS
218,2,3,13585,15105,1520,0xffff,PASS
219,2,4,14355,,,0x400,PASS
318,3,0,13805,15305,1500,0xf5,PASS
319,3,254,14605,,,0xfeeb,PASS
19,0,1,13965,15505,1540,0xff49,PASS
19,0,2,13965,15505,1540,0xff49,PASS
19,0,3,13965,15505,1540,0xff49,PASS
20,0,4,14795,,,0x418,PASS
120,1,254,14965,,,0xfe00,PASS
220,2,4,15225,,,0x4d5,PASS
21,0,254,15615,,,0xfe9f,PASS
182,1,0,,16905,,0xff,PASS
321,3,3,16175,,,0x346,PASS
22,0,254,16445,,,0xfe00,PASS
300,3,0,95,17305,17210,0xffaa,PASS
91,0,2,,17305,,0xffaa,PASS
37,0,3,,17305,,0xffaa,PASS
221,2,3,16025,17505,1480,0x37b,PASS
222,2,4,16755,,,0x400,PASS
322,3,4,16965,,,0x4f1,PASS
23,0,4,17195,,,0x4e4,PASS
122,1,0,16645,18105,1460,0xffee,PASS
122,1,2,16645,18105,1460,0xffee,PASS
122,1,3,16645,18105,1460,0xffee,PASS
24,0,254,17965,,,0xfe00,PASS
305,3,0,3395,18905,15510,0xff66,PASS
305,3,2,3395,18905,15510,0xff66,PASS
123,1,3,17395,18905,1510,0xff66,PASS
223,2,0,17635,19105,1470,0xff98,PASS
223,2,1,17635,19105,1470,0xff98,PASS
223,2,3,17635,19105,1470,0xff98,PASS
224,2,4,18425,,,0x4ff,PASS
323,3,0,17805,19305,1500,0xc1,PASS
324,3,3,18555,,,0x355,PASS
25,0,254,18815,,,0xfeff,PASS
124,1,3,18235,19705,1470,0x3a6,PASS
225,2,4,19235,,,0x400,PASS
325,3,4,19435,,,0x4ff,PASS
26,0,0,19555,,,0x55,PASS
125,1,0,18955,20505,1550,0x14,PASS
226,2,4,19995,,,0x419,PASS
326,3,4,20255,,,0x4d0,PASS
126,1,3,19795,21305,1510,0x300,PASS
127,1,254,20605,,,0xfe15,PASS
227,2,4,20835,,,0x4fe,PASS
87,0,3,,21905,,0x3aa,PASS
28,0,4,21205,,,0x4aa,PASS
128,1,254,21405,,,0xfeff,PASS
327,3,0,20965,22505,1540,0x1f,PASS
328,3,3,21855,,,0x3aa,PASS
29,0,254,21955,,,0xfe55,PASS
228,2,0,21595,23105,1510,0x5c,PASS
329,3,3,22565,,,0x300,PASS
30,0,4,22785,,,0x43f,PASS
129,1,0,22185,23705,1520,0xdf,PASS
101,1,3,225,23905,23680,0x3aa,PASS
330,3,4,23375,,,0x429,PASS
31,0,254,23655,,,0xfe56,PASS
130,1,0,23055,24505,1450,0xff60,PASS
130,1,2,23055,24505,1450,0xff60,PASS
130,1,3,23055,24505,1450,0xff60,PASS
230,2,3,23155,24705,1550,0x3f2,PASS
331,3,4,24205,,,0x40d,PASS
32,0,0,24355,,,0xca,PASS
131,1,3,23765,25305,1540,0x35c,PASS
231,2,0,24045,25505,1460,0xffff,PASS
231,2,1,24045,25505,1460,0xffff,PASS
231,2,3,24045,25505,1460,0xffff,PASS
232,2,4,24855,,,0x4af,PASS
332,3,254,25025,,,0xfe1b,PASS
33,0,0,25165,,,0xaa,PASS
132,1,0,24565,26105,1540,0xffcb,PASS
132,1,2,24565,26105,1540,0xffcb,PASS
132,1,3,24565,26105,1540,0xffcb,PASS
34,0,0,26035,,,0x92,PASS
133,1,0,25365,26905,1540,0xf0,PASS
141,1,0,,27105,,0xff55,PASS
77,0,1,,27105,,0xff55,PASS
77,0,3,,27105,,0xff55,PASS
234,2,4,26395,,,0x455,PASS
146,1,0,,27305,,0x55,PASS
334,3,4,26645,,,0x4d3,PASS
35,0,0,26805,,,0x55,PASS
134,1,0,26185,27705,1520,0xffcf,PASS
134,1,2,26185,27705,1520,0xffcf,PASS
134,1,3,26185,27705,1520,0xffcf,PASS
335,3,3,27425,,,0x30e,PASS
36,0,0,27625,,,0xe9,PASS
311,3,0,8215,28505,20290,0xff38,PASS
311,3,2,8215,28505,20290,0xff38,PASS
135,1,3,27015,28505,1490,0xff38,PASS
74,0,3,,28705,,0x355,PASS
236,2,4,27955,,,0x46e,PASS
136,1,3,27855,29305,1450,0x356,PASS
237,2,254,28835,,,0xfe55,PASS
336,3,0,28155,29705,1550,0xc2,PASS
337,3,4,29025,,,0x4f3,PASS
91,0,1,,29905,,0xffaa,PASS
121,1,2,15835,29905,14070,0xffaa,PASS
56,0,3,,29905,,0xffaa,PASS
38,0,254,29215,,,0xfe00,PASS
137,1,0,28635,30105,1470,0xe,PASS
138,1,4,29355,,,0x4aa,PASS
238,2,4,29575,,,0x43f,PASS
139,1,4,30245,,,0x4f3,PASS
338,3,0,29855,31305,1450,0xa2,PASS
339,3,4,30555,,,0x43e,PASS
67,0,3,,31505,,0x3ff,PASS
40,0,4,30795,,,0x47c,PASS
140,1,4,31015,,,0x455,PASS
239,2,0,30415,31905,1490,0xffb6,PASS
239,2,1,30415,31905,1490,0xffb6,PASS
239,2,3,30415,31905,1490,0xffb6,PASS
41,0,0,31565,,,0xbb,PASS
114,1,3,10185,32705,22520,0x3ff,PASS
340,3,0,31385,32905,1520,0xff5b,PASS
340,3,1,31385,32905,1520,0xff5b,PASS
340,3,2,31385,32905,1520,0xff5b,PASS
341,3,254,32155,,,0xfe55,PASS
143,1,0,,33305,,0xff55,PASS
77,0,2,,33305,,0xff55,PASS
141,1,3,31795,33305,1510,0xff55,PASS
142,1,254,32595,,,0xfe34,PASS
241,2,3,31985,33505,1520,0x344,PASS
242,2,4,32835,,,0x44e,PASS
342,3,4,33055,,,0x48d,PASS
42,0,3,32425,33905,1480,0x380,PASS
343,3,254,33845,,,0xfe6f,PASS
43,0,3,33195,34705,1510,0x364,PASS
233,2,0,25645,34905,9260,0xff55,PASS
141,1,2,31795,34905,3110,0xff55,PASS
143,1,3,33425,34905,1480,0xff55,PASS
165,1,0,,35105,,0xaa,PASS
244,2,4,34435,,,0x400,PASS
185,1,3,,35505,,0x3ff,PASS
45,0,254,34835,,,0xfe7d,PASS
144,1,3,34175,35705,1530,0x3a4,PASS
344,3,0,34625,36105,1480,0xff6d,PASS
344,3,1,34625,36105,1480,0xff6d,PASS
344,3,2,34625,36105,1480,0xff6d,PASS
345,3,254,35395,,,0xfeaa,PASS
145,1,0,35025,36505,1480,0xa5,PASS
245,2,0,35225,36705,1480,0xffff,PASS
245,2,1,35225,36705,1480,0xffff,PASS
245,2,3,35225,36705,1480,0xffff,PASS
346,3,4,36155,,,0x4d6,PASS
210,2,1,7185,37105,29920,0xff00,PASS
46,0,2,35645,37105,1460,0xff00,PASS
153,1,3,,37105,,0xff00,PASS
47,0,0,36395,,,0xaa,PASS
163,1,0,,37305,,0x55,PASS
156,1,0,,37505,,0xff56,PASS
246,2,1,36035,37505,1470,0xff56,PASS
156,1,3,,37505,,0xff56,PASS
247,2,4,36755,,,0x4ff,PASS
347,3,3,37045,,,0x3aa,PASS
48,0,254,37165,,,0xfeaa,PASS
147,1,3,36615,38105,1490,0x367,PASS
348,3,3,37815,,,0x3ff,PASS
148,1,0,37425,38905,1480,0x9f,PASS
149,1,254,38165,,,0xfed6,PASS
248,2,3,37585,39105,1520,0x351,PASS
249,2,4,38375,,,0x4aa,PASS
349,3,4,38605,,,0x4ff,PASS
49,0,3,38045,39505,1460,0x3e9,PASS
50,0,0,38855,,,0xea,PASS
350,3,254,39455,,,0xfe26,PASS
150,1,3,38995,40505,1510,0x3aa,PASS
210,2,0,7185,40705,33520,0xff00,PASS
250,2,1,39185,40705,1520,0xff00,PASS
210,2,3,7185,40705,33520,0xff00,PASS
351,3,4,40165,,,0x43b,PASS
51,0,3,39645,41105,1460,0x3de,PASS
52,0,0,40415,,,0x0,PASS
151,1,0,39855,41305,1450,0x8e,PASS
251,2,0,39995,41505,1510,0x8,PASS
252,2,254,40835,,,0xfe66,PASS
53,0,4,41195,,,0x4ff,PASS
152,1,0,40635,42105,1470,0xff51,PASS
152,1,2,40635,42105,1470,0xff51,PASS
152,1,3,40635,42105,1470,0xff51,PASS
253,2,4,41615,,,0x43a,PASS
352,3,0,40975,42505,1530,0xff9a,PASS
352,3,1,40975,42505,1530,0xff9a,PASS
352,3,2,40975,42505,1530,0xff9a,PASS
353,3,3,41835,,,0x300,PASS
54,0,254,41965,,,0xfeff,PASS
250,2,0,39185,42905,3720,0xff00,PASS
153,1,2,41415,42905,1490,0xff00,PASS
250,2,3,39185,42905,3720,0xff00,PASS
354,3,3,42655,,,0x39a,PASS
55,0,4,42815,,,0x433,PASS
154,1,0,42195,43705,1510,0x8b,PASS
246,2,0,36035,43905,7870,0xff56,PASS
254,2,1,42415,43905,1490,0xff56,PASS
246,2,3,36035,43905,7870,0xff56,PASS
255,2,4,43195,,,0x455,PASS
155,1,0,43025,44505,1480,0xc9,PASS
256,2,254,44045,,,0xfe55,PASS
355,3,0,43375,44905,1530,0x5a,PASS
300,3,1,95,45105,45010,0xffaa,PASS
198,1,2,,45105,,0xffaa,PASS
91,0,3,,45105,,0xffaa,PASS
57,0,0,44375,,,0x91,PASS
254,2,0,42415,45305,2890,0xff56,PASS
156,1,2,43785,45305,1520,0xff56,PASS
254,2,3,42415,45305,2890,0xff56,PASS
157,1,4,44595,,,0x4b0,PASS
257,2,4,44825,,,0x462,PASS
298,2,0,,45705,,0xffff,PASS
298,2,1,,45705,,0xffff,PASS
356,3,2,44215,45705,1490,0xffff,PASS
357,3,4,45025,,,0x440,PASS
58,0,0,45155,,,0x9f,PASS
158,1,4,45445,,,0x455,PASS
358,3,254,45755,,,0xfe30,PASS
59,0,4,46035,,,0x401,PASS
159,1,254,46215,,,0xfeff,PASS
175,1,3,,47105,,0x355,PASS
259,2,4,46415,,,0x46f,PASS
359,3,3,46595,,,0x3cd,PASS
60,0,0,46755,,,0x31,PASS
160,1,4,47015,,,0x439,PASS
61,0,0,47565,,,0x55,PASS
170,1,3,,48705,,0x3aa,PASS
261,2,4,47985,,,0x455,PASS
360,3,0,47355,48905,1550,0xff55,PASS
233,2,1,25645,48905,23260,0xff55,PASS
143,1,2,33425,48905,15480,0xff55,PASS
62,0,0,48445,,,0x2e,PASS
161,1,0,47835,49305,1470,0xff76,PASS
161,1,2,47835,49305,1470,0xff76,PASS
161,1,3,47835,49305,1470,0xff76,PASS
162,1,254,48555,,,0xfedc,PASS
164,1,0,,49705,,0x55,PASS
63,0,4,49165,,,0x4aa,PASS
262,2,0,48755,50305,1550,0xffd3,PASS
262,2,1,48755,50305,1550,0xffd3,PASS
262,2,3,48755,50305,1550,0xffd3,PASS
362,3,0,48965,50505,1540,0x75,PASS
168,1,0,,50905,,0x55,PASS
263,2,3,49625,51105,1480,0x3c6,PASS
264,2,254,50365,,,0xfe55,PASS
363,3,0,49795,51305,1510,0xff55,PASS
360,3,1,47355,51305,3950,0xff55,PASS
360,3,2,47355,51305,3950,0xff55,PASS
364,3,4,50595,,,0x4d9,PASS
64,0,3,50035,51505,1470,0x3ad,PASS
65,0,254,50855,,,0xfe06,PASS
297,2,0,,51705,,0x55,PASS
66,0,0,51635,,,0x34,PASS
177,1,0,,52505,,0xaa,PASS
265,2,0,51225,52705,1480,0x80,PASS
279,2,0,,52905,,0xff,PASS
166,1,3,51755,53305,1550,0x37e,PASS
167,1,254,52565,,,0xfeff,PASS
266,2,0,52025,53505,1480,0xff21,PASS
266,2,1,52025,53505,1480,0xff21,PASS
266,2,3,52025,53505,1480,0xff21,PASS
267,2,4,52775,,,0x4aa,PASS
366,3,0,52245,53705,1460,0xff55,PASS
363,3,1,49795,53705,3910,0xff55,PASS
363,3,2,49795,53705,3910,0xff55,PASS
367,3,4,53025,,,0x455,PASS
188,1,3,,53905,,0x3ff,PASS
68,0,254,53195,,,0xfe55,PASS
368,3,4,53785,,,0x437,PASS
69,0,254,54045,,,0xfe1d,PASS
333,3,0,25835,54905,29070,0x55,PASS
169,1,254,54165,,,0xfed6,PASS
268,2,0,53565,55105,1540,0xff11,PASS
268,2,1,53565,55105,1540,0xff11,PASS
268,2,3,53565,55105,1540,0xff11,PASS
269,2,4,54375,,,0x447,PASS
70,0,254,54845,,,0xfeda,PASS
361,3,0,48195,56105,7910,0x55,PASS
71,0,4,55655,,,0x4ff,PASS
196,1,3,,56505,,0x3aa,PASS
171,1,254,55765,,,0xfeff,PASS
243,2,0,33555,56705,23150,0xaa,PASS
271,2,254,55955,,,0xfeff,PASS
370,3,0,55365,56905,1540,0xff47,PASS
370,3,1,55365,56905,1540,0xff47,PASS
370,3,2,55365,56905,1540,0xff47,PASS
72,0,0,56375,,,0x56,PASS
272,2,4,56805,,,0x455,PASS
371,3,0,56225,57705,1480,0xff72,PASS
371,3,1,56225,57705,1480,0xff72,PASS
371,3,2,56225,57705,1480,0xff72,PASS
372,3,4,57045,,,0x44f,PASS
73,0,0,57225,,,0x91,PASS
172,1,0,56595,58105,1510,0x22,PASS
273,2,254,57595,,,0xfeb1,PASS
173,1,0,57445,58905,1460,0xc,PASS
274,2,4,58435,,,0x404,PASS
373,3,0,57795,59305,1510,0xff60,PASS
373,3,1,57795,59305,1510,0xff60,PASS
373,3,2,57795,59305,1510,0xff60,PASS
374,3,4,58635,,,0x4d2,PASS
235,2,3,27165,59505,32340,0x355,PASS
174,1,0,58155,59705,1550,0xff0c,PASS
174,1,2,58155,59705,1550,0xff0c,PASS
174,1,3,58155,59705,1550,0xff0c,PASS
275,2,4,59245,,,0x4aa,PASS
375,3,3,59415,,,0x3d9,PASS
75,0,3,58845,60305,1460,0x34a,PASS
76,0,254,59635,,,0xfe00,PASS
258,2,3,45635,60505,14870,0x355,PASS
176,1,4,59815,,,0x4ff,PASS
376,3,254,60205,,,0xfe00,PASS
276,2,0,59985,61505,1520,0x1b,PASS
366,3,1,52245,61905,9660,0xff55,PASS
366,3,2,52245,61905,9660,0xff55,PASS
233,2,3,25645,61905,36260,0xff55,PASS
78,0,0,61235,,,0xf6,PASS
270,2,0,55175,62105,6930,0xaa,PASS
229,2,3,22385,62305,39920,0x3aa,PASS
278,2,254,61605,,,0xfeba,PASS
377,3,0,61005,62505,1500,0xff37,PASS
377,3,1,61005,62505,1500,0xff37,PASS
377,3,2,61005,62505,1500,0xff37,PASS
79,0,4,62005,,,0x400,PASS
178,1,3,61375,62905,1530,0x3d5,PASS
356,3,0,44215,63305,19090,0xffff,PASS
356,3,1,44215,63305,19090,0xffff,PASS
378,3,2,61785,63305,1520,0xffff,PASS
379,3,3,62625,,,0x3c3,PASS
80,0,4,62825,,,0x4aa,PASS
179,1,3,62175,63705,1530,0x391,PASS
289,2,0,,63905,,0xff,PASS
280,2,254,63225,,,0xfe00,PASS
380,3,3,63435,,,0x31a,PASS
180,1,0,63055,64505,1450,0x12,PASS
81,0,3,63575,65105,1530,0x3c3,PASS
82,0,254,64375,,,0xfee6,PASS
181,1,0,63755,65305,1550,0x22,PASS
281,2,0,63955,65505,1550,0xf6,PASS
282,2,4,64755,,,0x400,PASS
381,3,0,64205,65705,1500,0xff65,PASS
381,3,1,64205,65705,1500,0xff65,PASS
381,3,2,64205,65705,1500,0xff65,PASS
382,3,254,64985,,,0xfe3e,PASS
83,0,254,65225,,,0xfe87,PASS
293,2,0,,66105,,0xff,PASS
183,1,254,65455,,,0xfe99,PASS
84,0,4,65995,,,0x4ff,PASS
283,2,3,65645,67105,1460,0x3cb,PASS
284,2,254,66355,,,0xfe55,PASS
383,3,0,65815,67305,1490,0x10,PASS
85,0,254,66785,,,0xfe55,PASS
184,1,3,66175,67705,1530,0x30c,PASS
384,3,0,66565,68105,1540,0x6b,PASS
385,3,4,67455,,,0x4aa,PASS
86,0,4,67655,,,0x4aa,PASS
191,1,3,,68505,,0x3ff,PASS
285,2,0,67205,68705,1500,0xffec,PASS
285,2,1,67205,68705,1500,0xffec,PASS
285,2,3,67205,68705,1500,0xffec,PASS
386,3,254,68195,,,0xfec7,PASS
186,1,3,67755,69305,1550,0x3f8,PASS
286,2,3,67975,69505,1530,0x3d4,PASS
287,2,4,68785,,,0x42f,PASS
260,2,3,47155,69905,22750,0x3aa,PASS
187,1,0,68575,70105,1530,0xde,PASS
288,2,4,69595,,,0x463,PASS
387,3,0,68955,70505,1550,0xff73,PASS
387,3,1,68955,70505,1550,0xff73,PASS
387,3,2,68955,70505,1550,0xff73,PASS
88,0,3,69195,70705,1510,0x389,PASS
204,2,3,2445,70905,68460,0x3ff,PASS
295,2,0,,71305,,0xf8,PASS
389,3,4,70595,,,0x455,PASS
89,0,1,70025,71505,1480,0xff59,PASS
89,0,2,70025,71505,1480,0xff59,PASS
89,0,3,70025,71505,1480,0xff59,PASS
90,0,0,70825,,,0x0,PASS
189,1,3,70245,71705,1460,0x3f7,PASS
190,1,4,70955,,,0x4ff,PASS
320,3,0,15395,71905,56510,0xff,PASS
290,2,4,71175,,,0x4aa,PASS
390,3,0,71385,72905,1520,0xff5e,PASS
390,3,1,71385,72905,1520,0xff5e,PASS
390,3,2,71385,72905,1520,0xff5e,PASS
391,3,254,72175,,,0xfe8a,PASS
307,3,1,4975,73105,68130,0xffaa,PASS
300,3,2,95,73105,73010,0xffaa,PASS
121,1,3,15835,73105,57270,0xffaa,PASS
92,0,0,72445,,,0xaa,PASS
240,2,3,31175,73305,42130,0x3ff,PASS
192,1,4,72565,,,0x471,PASS
291,2,0,72015,73505,1490,0xff00,PASS
291,2,1,72015,73505,1490,0xff00,PASS
291,2,3,72015,73505,1490,0xff00,PASS
93,0,0,73225,,,0xb2,PASS
292,2,0,72795,74305,1510,0xffd0,PASS
292,2,1,72795,74305,1510,0xffd0,PASS
292,2,3,72795,74305,1510,0xffd0,PASS
392,3,0,73045,74505,1460,0xc3,PASS
393,3,4,73845,,,0x455,PASS
94,0,254,74025,,,0xfeaa,PASS
193,1,0,73435,74905,1470,0x6f,PASS
365,3,0,51355,75105,23750,0xff,PASS
194,1,0,74235,75705,1470,0xff87,PASS
194,1,2,74235,75705,1470,0xff87,PASS
194,1,3,74235,75705,1470,0xff87,PASS
195,1,254,74975,,,0xfe1e,PASS
294,2,3,74365,75905,1540,0x306,PASS
394,3,0,74615,76105,1490,0x88,PASS
395,3,3,75405,,,0x345,PASS
95,0,3,74765,76305,1540,0x347,PASS
96,0,0,75585,,,0x21,PASS
388,3,0,69845,76705,6860,0xf8,PASS
97,0,254,76455,,,0xfeff,PASS
277,2,3,60755,77305,16550,0x3aa,PASS
197,1,4,76575,,,0x455,PASS
296,2,0,75995,77505,1510,0xfffd,PASS
296,2,1,75995,77505,1510,0xfffd,PASS
296,2,3,75995,77505,1510,0xfffd,PASS
396,3,0,76255,77705,1450,0xcb,PASS
397,3,254,77015,,,0xfe67,PASS
98,0,254,77195,,,0xfeac,PASS
369,3,0,54575,78305,23730,0x55,PASS
398,3,254,77775,,,0xfeaa,PASS
99,0,0,77965,,,0xe,PASS
307,3,0,4975,78905,73930,0xffaa,PASS
307,3,2,4975,78905,73930,0xffaa,PASS
198,1,3,77435,78905,1470,0xffaa,PASS
378,3,0,61785,79105,17320,0xffff,PASS
378,3,1,61785,79105,17320,0xffff,PASS
298,2,3,77555,79105,1550,0xffff,PASS
299,2,4,78385,,,0x454,PASS
399,3,4,78595,,,0x4e8,PASS
199,1,0,78255,79705,1450,0xea,PASS
